Punto,pH,Temp / °C,Prof / m
San Antonio,7.3803136693,22.8194449958,9.584896748
Santiago,7.2196302777,22.0759324264,10.4073409978
San Pedro,7.559315457,24.7981336131,9.3418446975
Santa Maria,7.3437488195,20.5053290958,9.9270481197
Panajachel,7.4535960471,23.986051688,9.0077971248
