Punto,pH,Temp / °C,Prof / m
San Antonio,7.1300934698,22.8510017646,10.2256918997
Santiago,7.5712756463,22.6572761824,9.7618651986
San Pedro,7.5763468225,23.9257924724,10.7372990521
Santa Maria,7.9966044836,23.7126612547,10.8313638205
Panajachel,7.3764888677,24.354141783,10.612926228
