Punto,pH,Temp / °C,Prof / m
San Antonio,7.592798606,23.7080023554,9.0551149519
Santiago,7.355719896,23.6390757328,9.302703348
San Pedro,7.9254632159,23.4865092556,10.2821893757
Santa Maria,7.3141250499,24.0157457767,10.061069251
Panajachel,7.547167656,23.9692080417,10.3075366896
