Punto,pH,Temp / °C,Prof / m
San Antonio,7.7484845491,24.1704842891,10.6496773176
Santiago,7.8115407582,20.7022967841,9.3514093412
San Pedro,7.1755987485,22.1248374204,10.8315244708
Santa Maria,7.0293379161,20.7462598244,9.1659652041
Panajachel,7.5826714523,23.5510172555,10.1482195603
