Punto,pH,Temp / °C,Prof / m
San Antonio,7.6724475943,23.61061926,10.4545873217
Santiago,7.2130122874,21.0422111279,10.677484815
San Pedro,7.7370670531,21.3379880926,9.4660710143
Santa Maria,7.046375392,20.4230312561,9.3680636119
Panajachel,7.7367713079,22.9446999496,10.160015882
